N,c,H,I,L,A,S,v,B,M,8,G,E,5,P,J,H,Z,Y,x,A,Q,W,E,T,z,U,I,N,B
K,A,H,T,R,c,S,X,Y,B,I,T,N,K,p,L,p,U,L,S,N,H,M,U,R,T,Z,c,A,5
M,R,V,G,c,R,p,E,W,z,Q,E,R,N,I,O,p,T,z,x,T,c,A,B,L,U,I,T,D,E
C,T,V,E,X,R,R,U,M,v,I,B,F,A,R,T,D,S,T,U,V,z,S,K,L,I,F,F,T,Z
S,E,A,Y,N,v,I,v,z,K,c,T,Q,R,R,z,E,U,B,I,N,O,K,H,G,z,L,R,E,I
R,R,Z,v,B,E,T,X,Y,&,L,M,A,K,7,K,),U,D,X,Y,M,E,S,C,H,E,R,E,o
B,I,c,T,z,U,z,I,O,E,R,T,A,o,Y,c,S,Q,Z,F,G,H,T,J,K,L,X,v,X,E
U,E,D,S,A,W,E,T,Y,Q,U,T,O,S,E,o,C,B,N,D,G,J,L,O,U,Z,U,T,v,D
R,E,D,S,G,B,N,M,&,Y,C,R,A,E,X,p,U,L,N,V,c,Y,T,%,),F,E,S,A,E
v,x,F,J,L,o,U,I,T,N,I,B,p,G,F,Z,U,G,A,N,G,c,N,B,K,L,L,G,F,A
V,H,J,G,D,T,F,G,O,R,U,z,Q,Y,A,F,G,J,K,c,N,M,F,F,D,E,E,X,U,o
H,K,L,V,G,E,o,c,A,c,H,I,N,G,B,N,I,S,V,B,F,U,N,!,K,P,c,B,N,X
Y,H,E,L,L,O,G,H,Y,O,U,v,G,A,L,L,T,U,c,X,Y,M,L,p,O,x,Y,A,T,U
A,D,F,G,z,H,S,H,A,p,p,Y,F,G,H,U,N,T,I,N,G,A,Q,T,U,O,I,K,L,M
&,5,B,I,T,N,F,T,x,V,E,N,E,x,T,R,S,p,O,2,L,o,A,R,Z,T,J,F,J,U
2,C,A,F,G,I,A,B,J,H,z,T,E,S,Q,z,v,D,H,v,L,N,N,K,D,E,U,Q,c,N
v,x,R,G,T,U,R,v,F,S,A,S,I,H,O,B,H,F,x,A,U,o,A,B,H,T,G,c,R,N
R,Z,T,K,x,Y,T,B,T,z,I,R,E,A,Q,E,O,P,R,v,N,M,T,K,L,D,U,F,z,T
A,S,E,E,T,U,E,C,V,N,A,D,E,L,X,Y,Z,Y,N,M,J,U,O,U,V,U,L,A,T,O
D,S,R,T,z,V,R,S,T,O,2,c,x,D,B,X,N,N,H,F,T,I,M,p,O,L,A,B,v,N
R,T,I,U,T,E,I,I,z,H,L,R,V,o,E,X,Q,R,O,B,F,J,I,B,U,V,R,M,I,D
G,R,E,X,T,E,E,C,H,E,R,I,x,N,N,o,M,I,c,K,D,E,E,S,A,x,I,6,V,x
Y,U,T,Z,v,K,E,R,C,H,E,R,Z,Y,D,P,A,L,M,A,R,O,T,R,A,N,S,Q,W,E
z,U,I,O,D,F,G,H,J,K,L,Y,X,c,v,B,N,Q,A,S,D,F,G,H,c,G,F,R,U,T
I,G,Z,D,G,H,U,T,R,E,S,c,F,B,V,I,E,L,v,S,p,A,S,S,!,N,N,o,I,U
